ransk,into@email.com,!ntegr!ty@2018
"Patrick Dempsey",patrick@email.com,123456
 Jackson,percy@email.com,Percy
"Patrick Dempsey",patrick@email.com,1234
"Patrick Dempsey",patrick@email.com,!ntegr!ty@2018
"Patrick Dempsey",patrick@email.com,122222
"Patrick Dempsey",patrick@email.com,122222
"Patrick Dempsey",patrick@email.com,122222
"Patrick Dempsey",patrick@email.com,122222
"French Toast",toast@gmail.com,password
"French Toast",toast@gmail.com,password
Luchador,lse@mail.com,12sdcv
Luchador,lse@mail.com,12sdcv
pringles,lse@mail.com,213eqwq
pringles,lse@mail.com,1231232
"Marho Atumu",marho@yahoo.com,Password
